[
  {
    "id": "f443a065-8065-4227-be56-4d902f05c381",
    "data": [
      {
        "text": "where is ",
        "userDefined": false
      },
      {
        "text": "smart health care hackathon",
        "alias": "hackathon_events",
        "meta": "@hackathon_events",
        "userDefined": false
      },
      {
        "text": " take place",
        "userDefined": false
      }
    ],
    "isTemplate": false,
    "count": 0,
    "updated": 0
  },
  {
    "id": "9f9b4f27-1213-4e0f-9e98-8bf84afcbfaa",
    "data": [
      {
        "text": "take me",
        "meta": "@sys.ignore",
        "userDefined": false
      },
      {
        "text": " to ",
        "userDefined": false
      },
      {
        "text": "genesys daksh hackathon",
        "alias": "hackathon_events",
        "meta": "@hackathon_events",
        "userDefined": false
      }
    ],
    "isTemplate": false,
    "count": 0,
    "updated": 0
  },
  {
    "id": "6f19f489-069d-42e9-9ef9-75377031d12e",
    "data": [
      {
        "text": "smart health care event",
        "meta": "@sys.ignore",
        "userDefined": false
      },
      {
        "text": " taking place",
        "userDefined": false
      }
    ],
    "isTemplate": false,
    "count": 0,
    "updated": 0
  }
]