[
  {
    "id": "3a3ff82b-0547-416b-90cb-416f52363e5b",
    "data": [
      {
        "text": "Tell me more about Chatbox workshop",
        "userDefined": false
      }
    ],
    "isTemplate": false,
    "count": 0,
    "updated": 0
  },
  {
    "id": "230054cd-6d6e-4121-a2fe-4e3e9849f7e2",
    "data": [
      {
        "text": "Give me details about AWS workshop",
        "userDefined": false
      }
    ],
    "isTemplate": false,
    "count": 0,
    "updated": 0
  },
  {
    "id": "abe9174b-5d45-4224-9150-e540b9f324fb",
    "data": [
      {
        "text": "Give me details about Amazon workshop",
        "userDefined": false
      }
    ],
    "isTemplate": false,
    "count": 0,
    "updated": 0
  }
]