[
  {
    "value": "Smart Health Care Hackathon",
    "synonyms": [
      "smart health care event",
      "smart health care",
      "helath care",
      "smart health hackathon",
      "smart health care hackathon",
      "Health care hackathon",
      "health related hackathon"
    ]
  },
  {
    "value": "Genesys Daksh Hackathon",
    "synonyms": [
      "genesys daksh hackathon",
      "genesys hackathon",
      "API related hackathon"
    ]
  },
  {
    "value": "Smart Two-Wheeler Safety System Hackathon",
    "synonyms": [
      "smart two wheeler hackathon",
      "smart vechicle hackathon",
      "smart two wheeler  hackathon",
      "two wheeler safety hackathon",
      "safety vechicle hackathon"
    ]
  },
  {
    "value": "Smart Farming Hackathon",
    "synonyms": [
      "Smart Farming",
      "Smart farming hackathon",
      "farming hackathon",
      "farming related hackathon"
    ]
  },
  {
    "value": "Smart Manufacturing Hackathon",
    "synonyms": [
      "Smart Manufacturing Hackathon",
      "manufacturing hackation",
      "AR based hackathon",
      "VR based hackathon"
    ]
  },
  {
    "value": "Smart Rain Gauge Hackathon",
    "synonyms": [
      "Smart Rain Gauge",
      "Rain realted hackathon",
      "Rain gauge hackathon"
    ]
  },
  {
    "value": "Smart City hackathon",
    "synonyms": [
      "Smart city hackathon"
    ]
  },
  {
    "value": "Smart Finance Hackathon",
    "synonyms": [
      "Smart Finance Hackathon",
      "Finance hackathon"
    ]
  }
]